{
  "name": "redon.al",
  "version": "1.0.0",
  "description": "redon resume",
  "main": "index.js",
  "scripts": {
    "test": "echo \"Error: no test specified\" && exit 1",
    "start": "npm run dev",
    "serve": "serve",
    "build": "build",
    "lint": "lint"
  },
  "repository": {
    "type": "git",
    "url": "ssh://lacakafx@lacaj.al:21098/home/lacakafx/redon.al"
  },
  "devDependencies": {
    "@vue/cli-plugin-babel": "^3.11.0",
    "@vue/cli-plugin-eslint": "^3.11.0",
    "@vue/cli-service": "^3.11.0",
    "babel-eslint": "^10.0.1",
    "eslint": "^5.16.0",
    "eslint-plugin-vue": "^5.0.0",
    "vue-template-compiler": "^2.6.10"
  },
  "keywords": [
    "redon",
    "resume",
    "cv"
  ],
  "author": "Redon Lacaj",
  "license": "ISC",
  "dependencies": {
    "serve": "^11.2.0"
  }
}
